Region,District,Township,n_cell,n_core_cell,n_edges_perimeter,n_edges_internal,area,core_area,perimeter,perim_area_ratio,shape_index,frac_dim_index,core_area_index
Chin,Mindat,Kanpetlet,2445.083108,2098.182432,413.6148649,9366.717568,2445.083108,2098.182432,413.6148649,3.12318529,1.294508604,NA,0.007734794
Chin,Mindat,Matupi,4214.635294,3595.057219,725.0203209,16133.52086,4214.635294,3595.057219,725.0203209,3.096236515,1.3051124,NA,0.008665001
Chin,Mindat,Mindat,1282.311317,974.6329037,369.8848168,4759.360451,1282.311317,974.6329037,369.8848168,3.173078444,1.210768782,NA,0.004228812
Chin,Mindat,Paletwa,9609.113949,8507.394237,1284.978389,37151.47741,9609.113949,8507.394237,1284.978389,3.324327486,1.343769967,NA,0.004190055
Chin,Palam,Falam,507.882798,340.9766831,206.3752316,1825.15596,507.882798,340.9766831,206.3752316,3.111005374,1.239109827,NA,0.006309601
Chin,Palam,Haka,1307.502618,972.9606283,403.8735079,4826.136963,1307.502618,972.9606283,403.8735079,3.016874123,1.305909313,NA,0.012214738
Chin,Palam,Thlangtlang,1536.314429,1169.510665,435.7043915,5709.553325,1536.314429,1169.510665,435.7043915,3.044458422,1.295084077,NA,0.01253558
Chin,Palam,Tiddim,760.594829,522.6841176,287.5882447,2754.791071,760.594829,522.6841176,287.5882447,3.070785769,1.240835442,NA,0.008147889
Chin,Palam,Tonzang,1918.587565,1534.888021,463.7369792,7210.613281,1918.587565,1534.888021,463.7369792,3.177544965,1.264226847,NA,0.006538803
Kachin,Bhamo,Bhamo,1178.015279,1020.920012,186.386459,4525.674655,1178.015279,1020.920012,186.386459,2.886452137,1.346063424,NA,0.020823962
Kachin,Bhamo,Mansi,2306.824505,2077.571165,266.7526485,8960.545371,2306.824505,2077.571165,266.7526485,2.954882579,1.282188575,NA,0.014889966
Kachin,Bhamo,Momauk,1344.345762,1201.038241,167.4015296,5209.981517,1344.345762,1201.038241,167.4015296,2.943910405,1.268730479,NA,0.017538106
Kachin,Bhamo,Shwegu,1558.750154,1449.608,127.4178462,6107.582769,1558.750154,1449.608,127.4178462,2.994282883,1.262966043,NA,0.014452626
Kachin,Myitkyina,Chipwi,924.5832397,711.1862257,263.3003692,3435.03259,924.5832397,711.1862257,263.3003692,3.035032246,1.283654817,NA,0.010050871
Kachin,Myitkyina,Hsawlaw,1195.646987,930.2743631,330.8418924,4451.746057,1195.646987,930.2743631,330.8418924,3.12838771,1.249175142,NA,0.005871045
Kachin,Myitkyina,Kamaing,1790.572344,1657.166176,157.6842835,7004.605094,1790.572344,1657.166176,157.6842835,3.038208045,1.250691131,NA,0.013762407
Kachin,Myitkyina,Mogaung,759.4987013,669.7796204,105.2995005,2932.695305,759.4987013,669.7796204,105.2995005,2.964736609,1.284944587,NA,0.014673925
Kachin,Myitkyina,Mohnyin,910.4772114,836.8000164,87.19941085,3554.709435,910.4772114,836.8000164,87.19941085,3.061214942,1.248545387,NA,0.010427996
Kachin,Myitkyina,Myitkyina,1180.769358,1047.670133,158.8603982,4564.217035,1180.769358,1047.670133,158.8603982,2.951749475,1.277407853,NA,0.012563505
Kachin,Myitkyina,Njangyang,23857.25305,23216.11585,730.4756098,94698.53659,23857.25305,23216.11585,730.4756098,3.117451689,1.492701199,NA,0.029563181
Kachin,Myitkyina,Tanai,9408.048544,9017.576052,452.936662,37179.25751,9408.048544,9017.576052,452.936662,3.223247984,1.241589671,NA,0.012464037
Kachin,Myitkyina,Waingmaw,1070.091154,935.4406606,159.7255153,4120.639099,1070.091154,935.4406606,159.7255153,2.91387841,1.282547971,NA,0.016726459
Kachin,Putao,Khawbude,1151.38338,961.9574828,231.8461167,4373.687402,1151.38338,961.9574828,231.8461167,3.096076137,1.268864002,NA,0.008630896
Kachin,Putao,Machanbaw,17986.50385,17505.20769,557.7692308,71388.24615,17986.50385,17505.20769,557.7692308,3.065258913,1.532168662,NA,0.021636119
Kachin,Putao,Nogmung,548.4424645,455.7317168,116.3934935,2077.376364,548.4424645,455.7317168,116.3934935,3.096742458,1.263233167,NA,0.008524835
Kachin,Putao,Putao,1092.455866,953.0454376,170.3870888,4199.436375,1092.455866,953.0454376,170.3870888,3.064694109,1.274781828,NA,0.010150829
Kachin,Putao,Sumpranbum,23020.18257,22323.80498,793.9875519,91286.74274,23020.18257,22323.80498,793.9875519,3.137133308,1.446852513,NA,0.023745329
Magway,Magwe Minbu,Chauk,12379.42063,12311.03175,70.22222222,49447.46032,12379.42063,12311.03175,70.22222222,3.220629858,1.135404654,NA,0.009013041
Magway,Magwe Minbu,Myothit,531.8661878,486.3917474,55.20982292,2072.254928,531.8661878,486.3917474,55.20982292,2.918645602,1.283894988,NA,0.009448619
Magway,Magwe Minbu,Natmauk,9174.612756,9131.624146,45.53986333,36652.91116,9174.612756,9131.624146,45.53986333,3.171030929,1.150022592,NA,0.007486982
Magway,Magwe Minbu,Yenangyaung,28725.89063,28585.4375,140.65625,114762.9063,28725.89063,28585.4375,140.65625,3.438057695,1.044368778,NA,0.015549711
Magway,Minbu,Pwinbyu,579.9035922,512.7171157,80.67881669,2238.935552,579.9035922,512.7171157,80.67881669,2.997110868,1.290352108,NA,0.012743993
Magway,Minbu,Salin,673.1150947,603.6758595,82.76815591,2609.692223,673.1150947,603.6758595,82.76815591,2.965166344,1.267365167,NA,0.010401626
Magway,Minbu,Sidoktaya,1385.608545,1107.940257,328.8614102,5213.572768,1385.608545,1107.940257,328.8614102,3.052417727,1.271845834,NA,0.010786835
Magway,Pakokku,Gangaw,466.1761847,337.8419063,153.982179,1710.72256,466.1761847,337.8419063,153.982179,2.86374201,1.329030287,NA,0.019172939
Magway,Pakokku,Htilin,318.2437242,192.3280902,152.0311408,1120.943756,318.2437242,192.3280902,152.0311408,2.879190028,1.325924794,NA,0.01848364
Magway,Pakokku,Myaing,2596.351299,2568.912416,30.41193455,10354.99326,2596.351299,2568.912416,30.41193455,3.113813669,1.177804893,NA,0.005438993
Magway,Pakokku,Pakokku,4953.569507,4916.576233,38.26457399,19776.01345,4953.569507,4916.576233,38.26457399,3.367323441,1.101002681,NA,0.00248815
Magway,Pakokku,Pauk,283.7051626,225.6456847,70.96447033,1063.85618,283.7051626,225.6456847,70.96447033,2.953755775,1.301525715,NA,0.010739315
Magway,Pakokku,Saw,603.4003634,418.9117706,219.2763981,2194.325056,603.4003634,418.9117706,219.2763981,2.946102904,1.303338648,NA,0.013952022
Magway,Pakokku,Seikpyu,4187612,4033993,167204,16583244,4187612,4033993,167204,0.039928246,20.42560469,1.395714314,0.963315847
Magway,Pakokku,Yesagyo,6336.487544,6284.427046,56.49822064,25289.45196,6336.487544,6284.427046,56.49822064,3.125590801,1.203626722,NA,0.008687979
Mandalay,Kyaukse,Kyaukse,1385.681227,1185.775558,232.8262082,5309.898699,1385.681227,1185.775558,232.8262082,2.813388664,1.335286581,NA,0.024991371
Mandalay,Kyaukse,Myitha,1107.022064,1033.194679,85.22258274,4342.865672,1107.022064,1033.194679,85.22258274,2.941732679,1.271187412,NA,0.022588018
Mandalay,Kyaukse,Singaing,522.1845973,475.0293945,54.66784245,2034.070547,522.1845973,475.0293945,54.66784245,2.716613419,1.330326044,NA,0.035968879
Mandalay,Kyaukse,Tada-U,4473.975,4431.914286,45.67142857,17850.22857,4473.975,4431.914286,45.67142857,3.165549176,1.15962348,NA,0.006820012
Mandalay,Mandalay,Amarapura,783.7683824,762.7959559,22.49632353,3112.577206,783.7683824,762.7959559,22.49632353,3.359811832,1.09034982,NA,0.002261985
Mandalay,Mandalay,Mandalay,651.2198068,631.8478261,20.1352657,2584.743961,651.2198068,631.8478261,20.1352657,3.423935005,1.057034205,NA,0.002957805
Mandalay,Mandalay,Maymyo,2942157,2531190,470166,11298462,2942157,2531190,470166,0.159803165,68.51734188,1.56761575,0.860317787
Mandalay,Mandalay,Patheingyi,3680665,3466935,246980,14475680,3680665,3466935,246980,0.067102005,32.1756123,1.459231061,0.941931689
Mandalay,Meiktila,Meiktila,11537.92763,11477.50658,61.22368421,46090.48684,11537.92763,11477.50658,61.22368421,3.44623487,1.081749098,NA,0.006545712
Mandalay,Meiktila,Pyawbwe,2795.407266,2644.768642,172.5487572,11009.08031,2795.407266,2644.768642,172.5487572,3.006219353,1.2426169,NA,0.016742409
Mandalay,Meiktila,Thazi,821.8610169,713.0086287,127.7152542,3159.728814,821.8610169,713.0086287,127.7152542,2.845215921,1.320206728,NA,0.021856389
Mandalay,Meiktila,Wudwin,3401.368476,3328.489562,83.50730689,13521.9666,3401.368476,3328.489562,83.50730689,3.110424201,1.220348751,NA,0.018692287
Mandalay,Myingyan,Kyaukpadaung,1344.755632,1297.668576,55.61359297,5323.408935,1344.755632,1297.668576,55.61359297,2.994382274,1.244835031,NA,0.010875001
Mandalay,Myingyan,Mahlaing,3982.034985,3940.189504,45.65597668,15882.48397,3982.034985,3940.189504,45.65597668,2.948485116,1.221625432,NA,0.016983319
Mandalay,Myingyan,Myingyan,6064.261538,6021.607692,44.51538462,24212.53077,6064.261538,6021.607692,44.51538462,3.154383586,1.108813607,NA,0.005451803
Mandalay,Myingyan,Natogyi,7912.564286,7863.442857,52.44285714,31597.81429,7912.564286,7863.442857,52.44285714,3.06716013,1.183806546,NA,0.008442075
Mandalay,Myingyan,Nyaungu,15893.10828,15829.73248,64.43312102,63508,15893.10828,15829.73248,64.43312102,3.274394118,1.079683868,NA,0.006345042
Mandalay,Myingyan,Taungtha,11495.08228,11421.31646,77.72151899,45902.60759,11495.08228,11421.31646,77.72151899,3.077667611,1.207509937,NA,0.018862699
Mandalay,Pyin-Oo-Lwin,Madaya,721.852752,639.1197284,96.10007148,2791.310936,721.852752,639.1197284,96.10007148,3.006517478,1.229476353,NA,0.016074552
Mandalay,Pyin-Oo-Lwin,Mogok,2434.190176,2028.010076,469.604534,9267.156171,2434.190176,2028.010076,469.604534,2.899479554,1.37275559,NA,0.020331234
Mandalay,Pyin-Oo-Lwin,Singu,603.0839596,526.9733091,90.2321845,2322.103654,603.0839596,526.9733091,90.2321845,2.958360967,1.271696087,NA,0.014508741
Mandalay,Pyin-Oo-Lwin,Thabeikkyin,500.2589519,402.9530472,116.4799621,1884.555845,500.2589519,402.9530472,116.4799621,2.922784241,1.281539632,NA,0.013101904
Mandalay,Yamethin,Yamethin,8337016,8220440,140750,33207314,8337016,8220440,140750,0.016882539,12.18614719,1.313793217,0.986017059
Rakhine,Buthidaung,Buthidaung,1113.408264,982.433719,153.6304132,4300.002645,1113.408264,982.433719,153.6304132,2.94352819,1.345859653,NA,0.016881759
Rakhine,Buthidaung,Ponnagyun & Rathedaung,972.9163194,864.0989583,124.8743056,3766.790972,972.9163194,864.0989583,124.8743056,2.929177336,1.29689602,NA,0.021146045
Rakhine,Buthidaung,Sittwe (Akyab),301.6858553,280.9605263,23.43092105,1183.3125,301.6858553,280.9605263,23.43092105,3.230140315,1.156309248,NA,0.003426484
Rakhine,Maungtaw,Maungdaw,500.9883853,403.0036438,119.2452744,1884.708267,500.9883853,403.0036438,119.2452744,2.979493871,1.273073017,NA,0.01064429
Rakhine,Sittwe,Kyauktaw,1397.872057,1235.898669,184.7226203,5406.765609,1397.872057,1235.898669,184.7226203,2.8296698,1.341587722,NA,0.026481514
Rakhine,Sittwe,Minbya,2555.311886,2363.539784,219.2711198,10001.97642,2555.311886,2363.539784,219.2711198,2.791431129,1.36791128,NA,0.02673945
Rakhine,Sittwe,Mrauk-Oo,807.0699673,694.8531097,129.9525368,3098.327332,807.0699673,694.8531097,129.9525368,2.844528632,1.342020841,NA,0.022290241
Sagaing,Hkamti,Homalin,2115.029899,1970.040106,168.3081172,8291.811479,2115.029899,1970.040106,168.3081172,3.02521336,1.255910024,NA,0.014274309
Sagaing,Hkamti,Khamti,19129.37119,18492.92382,735.5290859,75781.95568,19129.37119,18492.92382,735.5290859,3.150153128,1.368874895,NA,0.008530927
Sagaing,Hkamti,Lahe,1769.808368,1525.31689,296.5578512,6782.67562,1769.808368,1525.31689,296.5578512,3.174308199,1.221368166,NA,0.004950499
Sagaing,Hkamti,Lashe,2645.545279,2379.905588,313.0006423,10269.18048,2645.545279,2379.905588,313.0006423,2.860937157,1.366608473,NA,0.016687668
Sagaing,Hkamti,Nanyun,3939.854442,3683.851588,307.2957545,15452.12201,3939.854442,3683.851588,307.2957545,3.231362251,1.217222075,NA,0.004159146
Sagaing,Kalemyo,Kale,905.1869178,802.8045953,121.6427241,3499.104947,905.1869178,802.8045953,121.6427241,3.093365247,1.220930012,NA,0.008802943
Sagaing,Kalemyo,Kalewa,1614.298468,1354.123851,302.2914661,6154.902407,1614.298468,1354.123851,302.2914661,2.893313283,1.353512211,NA,0.016707328
Sagaing,Kalemyo,Mingin,920.5984761,696.8116614,270.1043565,3412.289548,920.5984761,696.8116614,270.1043565,2.959461543,1.322654257,NA,0.015309802
Sagaing,Katha,Banmauk,2521.821586,2248.13304,311.6960352,9775.590308,2521.821586,2248.13304,311.6960352,2.843829109,1.3013263,NA,0.022502929
Sagaing,Katha,Indaw,717.1398352,600.7678571,135.2686813,2733.290659,717.1398352,600.7678571,135.2686813,2.821091251,1.314745723,NA,0.021820711
Sagaing,Katha,Katha,525.4195054,437.4867525,105.9571032,1995.720918,525.4195054,437.4867525,105.9571032,3.027273531,1.249239408,NA,0.011590604
Sagaing,Katha,Kawlin,452.180615,371.7603477,95.24120929,1713.481251,452.180615,371.7603477,95.24120929,2.97357799,1.263943196,NA,0.017431821
Sagaing,Katha,Pinlebu,1377.31364,1186.251398,218.9506443,5290.303914,1377.31364,1186.251398,218.9506443,2.900834576,1.275156723,NA,0.018402076
Sagaing,Katha,Tigyaing,641.4055758,553.0494524,105.7076004,2459.914703,641.4055758,553.0494524,105.7076004,3.016667492,1.258825631,NA,0.01196387
Sagaing,Katha,Wuntho,966.8555184,822.7331104,166.9123746,3700.509699,966.8555184,822.7331104,166.9123746,2.820600184,1.310786917,NA,0.024021652
Sagaing,Mawleik,Mawlaik,3789.518107,3473.065421,357.9521028,14800.12033,3789.518107,3473.065421,357.9521028,2.940511659,1.319921523,NA,0.023956252
Sagaing,Mawleik,Phaungbyin,1410.885385,1296.273273,131.5465465,5511.994995,1410.885385,1296.273273,131.5465465,3.100422585,1.220046049,NA,0.011039643
Sagaing,Monywa,Ayadaw,12218.85795,12159.97727,59.92045455,48815.51136,12218.85795,12159.97727,59.92045455,3.190912132,1.072334788,NA,0.006034502
Sagaing,Monywa,Budalin,2912,2877.503425,38.61986301,11609.38014,2912,2877.503425,38.61986301,3.129722441,1.196984817,NA,0.008934796
Sagaing,Monywa,Chaung-U,1431.321168,1409.350365,23.54379562,5701.740876,1431.321168,1409.350365,23.54379562,3.337815289,1.096575657,NA,0.002087656
Sagaing,Monywa,Kani,708.9050935,579.0851064,157.3609284,2678.259446,708.9050935,579.0851064,157.3609284,2.945766565,1.304137996,NA,0.012721539
Sagaing,Monywa,Monywa,2918.197143,2887.768571,31.27428571,11641.51429,2918.197143,2887.768571,31.27428571,3.371264959,1.075944149,NA,0.003305409
Sagaing,Monywa,Pale,484.6826087,396.6875562,108.5526237,1830.177811,484.6826087,396.6875562,108.5526237,2.99233315,1.255720524,NA,0.010144158
Sagaing,Monywa,Salingyi,6313.698565,6257.382775,59.67464115,25195.11962,6313.698565,6257.382775,59.67464115,2.981481933,1.173106359,NA,0.019366139
Sagaing,Monywa,Yinmabin,1544.368421,1500.865212,51.53530167,6125.938383,1544.368421,1500.865212,51.53530167,3.112123284,1.22484134,NA,0.009251828
Sagaing,Sagaing,Myaung,5797.808917,5751.707006,46.85350318,23144.38217,5797.808917,5751.707006,46.85350318,3.473864139,1.079114041,NA,0.006321036
Sagaing,Sagaing,Myinmu,21994.80357,21873.5,121.4642857,87857.75,21994.80357,21873.5,121.4642857,3.424201242,1.040982947,NA,0.017760101
Sagaing,Sagaing,Ngazun,10106.42935,10047.22826,61.31521739,40364.40217,10106.42935,10047.22826,61.31521739,3.159298281,1.131043908,NA,0.014376548
Sagaing,Sagaing,Sagaing,2504.7529,2480.055684,26.84222738,9992.169374,2504.7529,2480.055684,26.84222738,3.253370794,1.123258212,NA,0.00347008
Sagaing,Shwebo,Kanbalu,331.5123369,268.9502195,76.19714303,1249.852205,331.5123369,268.9502195,76.19714303,2.969375069,1.280688892,NA,0.011509029
Sagaing,Shwebo,Khin-U,677.5425331,652.2763705,29.08355388,2681.086578,677.5425331,652.2763705,29.08355388,3.033066577,1.211045019,NA,0.006275206
Sagaing,Shwebo,Kyunhla,467.7558868,353.3285807,135.9442644,1735.079283,467.7558868,353.3285807,135.9442644,2.951965438,1.294138628,NA,0.014567089
Sagaing,Shwebo,Shwebo,1502.820657,1481.307981,22.64225352,5988.640376,1502.820657,1481.307981,22.64225352,3.278833788,1.091524536,NA,0.002549803
Sagaing,Shwebo,Tabayin,788.5197527,762.6138784,30.26932326,3123.809687,788.5197527,762.6138784,30.26932326,3.011621419,1.225958071,NA,0.00839616
Sagaing,Shwebo,Tantabin,507.9086643,470.4703971,43.76028881,1987.874368,507.9086643,470.4703971,43.76028881,2.938247174,1.26874149,NA,0.011022948
Sagaing,Shwebo,Taze,346.5123486,266.8810259,97.17573023,1288.873664,346.5123486,266.8810259,97.17573023,2.862374687,1.356790053,NA,0.022069076
Sagaing,Shwebo,Wetlet,4106.410959,4077.517123,29.93493151,16395.7089,4106.410959,4077.517123,29.93493151,3.344787811,1.076952971,NA,0.003818489
Sagaing,Shwebo,Ye-U,250.3198059,186.3998348,78.61090458,922.6683189,250.3198059,186.3998348,78.61090458,2.82854668,1.359264641,NA,0.023738735
Sagaing,Tamu,Tamu,995.2281903,872.8893295,141.4513338,3839.461428,995.2281903,872.8893295,141.4513338,2.935416922,1.309529026,NA,0.02434562
Shan,Kengtung,Mong Yang,526.3693529,324.4565941,242.4481168,1863.029295,526.3693529,324.4565941,242.4481168,2.804243601,1.33104785,NA,0.021720019
Shan,Kengtung,Mongkhak,1007.184895,678.4451094,389.6079241,3639.131655,1007.184895,678.4451094,389.6079241,2.825736341,1.331354483,NA,0.018126109
Shan,Kunlong,Ho-Pang,411.0839446,262.4612877,181.6899756,1462.645803,411.0839446,262.4612877,181.6899756,3.005441262,1.275855281,NA,0.012375544
Shan,Kunlong,Kunlong,203.8843481,120.6591604,100.9179872,714.6194051,203.8843481,120.6591604,100.9179872,2.855761341,1.311878978,NA,0.018318239
Shan,Kyaukme,Hsipaw,398.5174962,277.2264714,144.1735375,1449.896447,398.5174962,277.2264714,144.1735375,2.84320724,1.289888848,NA,0.023559661
Shan,Kyaukme,Kyaukme,935.7604651,743.8094315,223.6372093,3519.404651,935.7604651,743.8094315,223.6372093,2.770253595,1.306795944,NA,0.028462659
Shan,Kyaukme,Mabein,2142.131219,1920.90924,257.9458721,8310.579005,2142.131219,1920.90924,257.9458721,3.095150755,1.240474744,NA,0.011463114
Shan,Kyaukme,Mong Mit,1503.005848,1294.471837,244.3625731,5767.660819,1503.005848,1294.471837,244.3625731,3.049259994,1.247933003,NA,0.012267802
Shan,Kyaukme,Namhsan,1940.325028,1434.318233,599.8006795,7161.499434,1940.325028,1434.318233,599.8006795,3.016107764,1.410019203,NA,0.011313434
Shan,Kyaukme,Namtu,1682.675364,1379.163704,357.2773032,6373.424151,1682.675364,1379.163704,357.2773032,2.926795041,1.299063308,NA,0.019567698
Shan,Kyaukme,Nawnghkio,319.0066207,249.6117312,81.76537536,1194.261107,319.0066207,249.6117312,81.76537536,2.790987343,1.287117291,NA,0.022333379
Shan,Lasho,Hsenwi,619.3531443,435.6912032,219.738277,2257.6743,619.3531443,435.6912032,219.738277,2.943486779,1.278077156,NA,0.015805008
Shan,Lasho,Lashio,549.8101357,386.1764366,194.564395,2004.676148,549.8101357,386.1764366,194.564395,2.843121656,1.29364751,NA,0.02044331
Shan,Lasho,Man Hpang,542.9721773,335.549991,255.3857476,1916.502962,542.9721773,335.549991,255.3857476,3.096829936,1.227064325,NA,0.006305893
Shan,Lasho,Mong Mao,856.931008,599.7658374,312.8904847,3114.833547,856.931008,599.7658374,312.8904847,3.077206839,1.251844307,NA,0.007192532
Shan,Lasho,Mong Yai,587.1730504,430.9625241,182.161477,2166.530725,587.1730504,430.9625241,182.161477,2.768245019,1.308937281,NA,0.025422197
Shan,Lasho,Nampan,431.9138911,264.3976442,206.1353913,1521.520173,431.9138911,264.3976442,206.1353913,3.032141854,1.24026756,NA,0.007211152
Shan,Lasho,Pang-Yang,1425.792886,1152.402313,332.9391975,5370.232346,1425.792886,1152.402313,332.9391975,3.087561708,1.246515748,NA,0.007947372
Shan,Lasho,Pangwaum,370.218947,215.5587957,190.1544767,1290.721311,370.218947,215.5587957,190.1544767,2.969592941,1.274407525,NA,0.008939668
Shan,Lasho,Tangyan,468.9294588,319.0678946,177.2572108,1698.460624,468.9294588,319.0678946,177.2572108,2.811133174,1.291460851,NA,0.022217899
Shan,Lauking,Kong-Kyan,261.2672114,133.292794,154.2427002,890.8261452,261.2672114,133.292794,154.2427002,2.846535792,1.332904023,NA,0.016937697
Shan,Loilen,Ke-Hsi,382.5373251,267.56863,134.6539538,1395.495347,382.5373251,267.56863,134.6539538,2.731521177,1.311883915,NA,0.025985727
Shan,Loilen,Kunhing,998.9694146,780.2697995,256.9637432,3738.913915,998.9694146,780.2697995,256.9637432,2.893101133,1.279466863,NA,0.018379363
Shan,Loilen,Lai-Hka,359.7464466,245.1410886,135.2356062,1303.75018,359.7464466,245.1410886,135.2356062,2.772208356,1.301272701,NA,0.021840374
Shan,Loilen,Loi Lem,586.4917213,358.1305842,272.6141831,2073.352702,586.4917213,358.1305842,272.6141831,2.804166516,1.343841379,NA,0.023430926
Shan,Loilen,Mong Hsu,741.1565679,539.2403804,237.3113667,2727.314905,741.1565679,539.2403804,237.3113667,2.826707507,1.313031876,NA,0.024943079
Shan,Loilen,Mong Kung,740.605894,544.822758,230.6965595,2731.727016,740.605894,544.822758,230.6965595,2.800868166,1.283404793,NA,0.022661992
Shan,Loilen,Mong Nai,1562.015113,1342.113986,256.6203893,5991.440061,1562.015113,1342.113986,256.6203893,2.891091883,1.259107502,NA,0.015256869
Shan,Loilen,Namsang,468.7500936,345.691248,144.9638392,1730.036535,468.7500936,345.691248,144.9638392,2.786590774,1.304295004,NA,0.022559149
Shan,Mongsat,Mong Hsat,2307.225507,2028.354548,327.0573791,8901.84465,2307.225507,2028.354548,327.0573791,2.935745574,1.260982188,NA,0.010475293
Shan,Mongsat,Mong Ping,5989.255703,5304.523077,791.9108753,23165.11194,5989.255703,5304.523077,791.9108753,3.06201382,1.308116426,NA,0.009982071
Shan,Muse,Kutkai,657.6067142,452.3035446,245.0795199,2385.347337,657.6067142,452.3035446,245.0795199,2.858969768,1.297426769,NA,0.018995723
Shan,Muse,Mu-Se,481.4178054,322.6842105,190.4930321,1735.17819,481.4178054,322.6842105,190.4930321,2.855952329,1.321878189,NA,0.017682177
Shan,Muse,Namhkan,1247.004127,928.0965745,378.4638877,4609.552621,1247.004127,928.0965745,378.4638877,2.935793573,1.324930801,NA,0.013434175
Shan,Taunggye,Ho-Pong,438.1846115,292.6822383,170.9527854,1581.785661,438.1846115,292.6822383,170.9527854,2.712046936,1.317354503,NA,0.026617491
Shan,Taunggye,Kalaw,369.2819394,291.730683,89.52719122,1387.600566,369.2819394,291.730683,89.52719122,2.615798827,1.374438715,NA,0.036496459
Shan,Taunggye,Lawksawk,586.8793487,457.7858843,151.328623,2196.188772,586.8793487,457.7858843,151.328623,2.773235059,1.304775472,NA,0.026233705
Shan,Taunggye,Pindaya,498.3586672,445.8723325,60.10033695,1933.334332,498.3586672,445.8723325,60.10033695,2.60476653,1.331203694,NA,0.033375732
Shan,Taunggye,Taunggyi,273.6561853,209.7170966,74.92487291,1019.699868,273.6561853,209.7170966,74.92487291,2.613712899,1.35403068,NA,0.032306457
Shan,Taunggye,Ye-Ngan,631.415156,462.2310287,199.1652614,2326.495363,631.415156,462.2310287,199.1652614,2.771448787,1.318882566,NA,0.025541445
Ayeyarwady,Bassein,Bassein West,612.9335468,511.2319856,119.5456365,2332.188551,612.9335468,511.2319856,119.5456365,2.781347384,1.306305332,NA,0.02862968
Ayeyarwady,Bassein,Kyaunggon,303.8853717,272.863789,36.29256595,1179.248921,303.8853717,272.863789,36.29256595,2.946373191,1.256993918,NA,0.016080287
Ayeyarwady,Bassein,Kyonpyaw,296.9620679,257.7610435,47.0259283,1140.822343,296.9620679,257.7610435,47.0259283,2.798905896,1.319707285,NA,0.018017579
Ayeyarwady,Bassein,Ngaputaw,576.1929973,485.2638712,108.1115347,2196.660455,576.1929973,485.2638712,108.1115347,2.903487146,1.27736148,NA,0.01686193
Ayeyarwady,Bassein,Thabaung,674.0587058,594.5316878,92.68668001,2603.548143,674.0587058,594.5316878,92.68668001,3.118739302,1.177993903,NA,0.01159476
Ayeyarwady,Bassein,Yegyi,735.3603335,642.9261465,108.2525313,2833.188803,735.3603335,642.9261465,108.2525313,2.846048471,1.32973423,NA,0.018766228
Ayeyarwady,Hinthada,Danubyu,343.0209119,294.2495715,58.63832705,1313.445321,343.0209119,294.2495715,58.63832705,2.742010109,1.37453701,NA,0.022947915
Ayeyarwady,Hinthada,Henzada,331.4948426,282,59.34197302,1266.637398,331.4948426,282,59.34197302,2.70910755,1.393212976,NA,0.026370944
Ayeyarwady,Hinthada,Ingapu,382.7491058,323.6801226,70.09044456,1460.905979,382.7491058,323.6801226,70.09044456,2.802545581,1.320105124,NA,0.021006081
Ayeyarwady,Hinthada,Kyangin,296.5813344,230.9234025,77.40495868,1108.920379,296.5813344,230.9234025,77.40495868,2.890686793,1.254264505,NA,0.009667832
Ayeyarwady,Hinthada,Lemyethna,599.6519184,519.4694089,94.17213965,2304.435534,599.6519184,519.4694089,94.17213965,2.796023886,1.324048029,NA,0.021044927
Ayeyarwady,Hinthada,Myanaung,330.3697891,279.3342325,61.2957332,1260.183423,330.3697891,279.3342325,61.2957332,2.842100811,1.300703964,NA,0.013115335
Ayeyarwady,Hinthada,Zalun,384.9054684,343.272997,49.49130988,1490.130564,384.9054684,343.272997,49.49130988,2.837858765,1.321833509,NA,0.021089364
Ayeyarwady,Maubin,Danubyu,381.1229226,343.7025788,44.52378223,1479.967908,381.1229226,343.7025788,44.52378223,2.917441468,1.299234785,NA,0.018721006
Ayeyarwady,Maubin,Irrawaddy,121.3662744,105.5064549,18.10442134,467.3606763,121.3662744,105.5064549,18.10442134,3.222734248,1.121783325,NA,0.001992116
Ayeyarwady,Maubin,Ma-Ubin,310.446822,290.2163136,23.39957627,1218.387712,310.446822,290.2163136,23.39957627,3.095223703,1.166698002,NA,0.005228035
Ayeyarwady,Maubin,Pantanaw,307.6490928,272.8308431,41.10843116,1189.48794,307.6490928,272.8308431,41.10843116,2.964143063,1.252491473,NA,0.015094547
Ayeyarwady,Maubin,Yandoon,220.9796969,194.4699132,31.27056054,852.6482272,220.9796969,194.4699132,31.27056054,3.024272406,1.215434816,NA,0.012159736
Ayeyarwady,Myoungmya,Einme,410.8860268,377.2988709,38.60479887,1604.939308,410.8860268,377.2988709,38.60479887,2.799058297,1.264989521,NA,0.019986809
Ayeyarwady,Myoungmya,Labutta,267.4071652,240.2596242,32.73659974,1036.892061,267.4071652,240.2596242,32.73659974,3.085238753,1.218718265,NA,0.00313242
Ayeyarwady,Myoungmya,Moulmeingyun,619.5920255,600.8650718,21.05263158,2457.31547,619.5920255,600.8650718,21.05263158,3.170673466,1.130491752,NA,0.003271654
Ayeyarwady,Myoungmya,Myaungmya,311.8446637,271.4495614,47.99317739,1199.385478,311.8446637,271.4495614,47.99317739,2.893322051,1.278524899,NA,0.014937704
Ayeyarwady,Myoungmya,Wakema,666.5819421,641.1270869,28.72640545,2637.601363,666.5819421,641.1270869,28.72640545,3.027760627,1.182521369,NA,0.009096228
Ayeyarwady,Pharpon,Bogale,175.0218038,141.7008929,43.15023292,656.9369824,175.0218038,141.7008929,43.15023292,3.032248171,1.269995291,NA,0.00466504
Ayeyarwady,Pharpon,Dedaye,565.4589938,543.4255686,26.38800827,2235.447967,565.4589938,543.4255686,26.38800827,3.094085811,1.199955383,NA,0.004326685
Ayeyarwady,Pharpon,Kyaiklat,287.3905429,265.9708114,25.29091263,1124.271259,287.3905429,265.9708114,25.29091263,3.052727884,1.191690951,NA,0.00472846
Ayeyarwady,Pharpon,Pyapon,332.7196721,305.754918,31.93360656,1298.945082,332.7196721,305.754918,31.93360656,3.106307856,1.190218177,NA,0.003216684
Bago,Pegu,Bago (Pegu),519.8375969,437.8715635,97.50153911,1981.848848,519.8375969,437.8715635,97.50153911,2.816783717,1.297635692,NA,0.020320236
Bago,Pegu,Daik-U,378.8480135,340.4845309,46.38174134,1469.010313,378.8480135,340.4845309,46.38174134,3.011706135,1.219923343,NA,0.008371629
Bago,Pegu,Kawa,1127.195494,1082.212061,50.10337972,4458.678595,1127.195494,1082.212061,50.10337972,2.93523596,1.216126043,NA,0.011799266
Bago,Pegu,Kyauktaga,1157.527828,1092.927692,75.75136861,4554.359945,1157.527828,1092.927692,75.75136861,2.964566617,1.236553922,NA,0.009660005
Bago,Pegu,Nyaungiebin,461.3566989,434.3366713,31.37983425,1814.046961,461.3566989,434.3366713,31.37983425,2.999676488,1.209452846,NA,0.010081322
Bago,Pegu,Shwegyin,1331.33428,1229.937816,120.427399,5204.909722,1331.33428,1229.937816,120.427399,2.951310978,1.262021586,NA,0.011086274
Bago,Pegu,Thanatpin,815.8355868,788.6646836,30.55164954,3232.790698,815.8355868,788.6646836,30.55164954,3.029101676,1.171997432,NA,0.007243878
Bago,Pegu,Waw,1169.893055,1138.769514,35.68162262,4643.890596,1169.893055,1138.769514,35.68162262,3.031613651,1.199731131,NA,0.013535958
Bago,Pyay,Padaung,353.6505665,277.9242366,90.66583445,1323.936432,353.6505665,277.9242366,90.66583445,2.895370211,1.271958009,NA,0.009796726
Bago,Pyay,Paukkaung,218.0688883,162.8642537,66.25931112,806.0162419,218.0688883,162.8642537,66.25931112,2.922948673,1.276260481,NA,0.008859702
Bago,Pyay,Paungde,471.6766257,450.8418278,23.92091388,1862.785589,471.6766257,450.8418278,23.92091388,3.132559018,1.164201763,NA,0.002916434
Bago,Pyay,Prome,453.2081922,431.9618109,24.53279951,1788.299969,453.2081922,431.9618109,24.53279951,3.174921993,1.139179795,NA,0.00318272
Bago,Pyay,Shwedaung,253.6648199,224.4435826,35.28162512,979.3776547,253.6648199,224.4435826,35.28162512,2.994312341,1.237783878,NA,0.00612285
Bago,Pyay,Thegon,224.7806745,189.2529399,42.79609496,856.3266031,224.7806745,189.2529399,42.79609496,3.093653114,1.190479197,NA,0.003629038
Bago,Taungoo,Kyaukki,1251.444628,1170.717355,95.5292562,4910.249256,1251.444628,1170.717355,95.5292562,2.930019671,1.25634397,NA,0.012804595
Bago,Taungoo,Oktwin,1911.426896,1807.943706,122.3815481,7523.326036,1911.426896,1807.943706,122.3815481,2.92206787,1.270130186,NA,0.013518468
Bago,Taungoo,Pyu,1692.556441,1623.292607,80.41168659,6689.814077,1692.556441,1623.292607,80.41168659,3.047989874,1.186168078,NA,0.006242741
Bago,Taungoo,Tantabin,547.4677778,491.6916667,67.13777778,2122.733333,547.4677778,491.6916667,67.13777778,2.99994293,1.22936396,NA,0.008165601
Bago,Taungoo,Thoungoo,716.8252076,633.5524803,98.72642112,2768.574409,716.8252076,633.5524803,98.72642112,2.836917248,1.29708816,NA,0.016727117
Bago,Taungoo,Yedashe,875.6242679,753.318448,145.2225476,3357.274524,875.6242679,753.318448,145.2225476,2.934692948,1.26482372,NA,0.011430513
Bago,Thayarwady,Gyobingauk,669.3154599,625.1855186,51.58747554,2625.674364,669.3154599,625.1855186,51.58747554,3.106686106,1.171219637,NA,0.004779857
Bago,Thayarwady,Letpatan,896.5180812,805.9166052,107.5881919,3478.484133,896.5180812,805.9166052,107.5881919,2.902747442,1.269861104,NA,0.013158245
Bago,Thayarwady,Minhla,554.7622271,505.9656456,59.08546285,2159.963446,554.7622271,505.9656456,59.08546285,2.969235782,1.259370137,NA,0.010383755
Bago,Thayarwady,Monyo,667.1630996,626.4922509,48.37933579,2620.273063,667.1630996,626.4922509,48.37933579,2.892155094,1.330642843,NA,0.015066366
Bago,Thayarwady,Nattalin,423.5513308,336.2086781,107.4081861,1586.797137,423.5513308,336.2086781,107.4081861,2.972972436,1.276913587,NA,0.006373768
Bago,Thayarwady,Okpo,483.5710368,430.1492046,65.33187054,1868.952276,483.5710368,430.1492046,65.33187054,3.012917347,1.21626832,NA,0.007741122
Bago,Thayarwady,Tharrawaddy,408.9735702,380.5918544,33.24436742,1602.649913,408.9735702,380.5918544,33.24436742,2.985414785,1.236108327,NA,0.011075162
Bago,Thayarwady,Zigon,464.9126853,440.247117,28.67655135,1830.97419,464.9126853,440.247117,28.67655135,2.975020311,1.216273169,NA,0.006456704
Kayah,Bawlake,Bawlakhe,1299.515716,1120.041909,212.4703143,4985.592549,1299.515716,1120.041909,212.4703143,2.948168721,1.291019925,NA,0.013218549
Kayah,Bawlake,Pasawng,1724.016065,1510.930665,249.0603157,6647.003946,1724.016065,1510.930665,249.0603157,2.957447518,1.308996855,NA,0.014561035
Kayah,Loikaw,Dimawhso,409.8278243,305.7767782,121.78159,1517.529707,409.8278243,305.7767782,121.78159,2.749845621,1.308320548,NA,0.02686102
Kayah,Loikaw,Hsataw,2058.28693,1700.261392,414.4026039,7818.745118,2058.28693,1700.261392,414.4026039,2.929017658,1.307456276,NA,0.015807599
Kayah,Loikaw,Loi-Kaw,338.655411,228.7726266,129.9028508,1224.718793,338.655411,228.7726266,129.9028508,2.72575096,1.354152618,NA,0.025524558
Kayah,Loikaw,Phruhso,1300.915381,1092.83684,241.7484806,4961.913043,1300.915381,1092.83684,241.7484806,2.768420637,1.318362391,NA,0.033963813
Kayin,Hpa-an,Kawkareik,616.3652233,499.4284743,133.7288597,2331.732034,616.3652233,499.4284743,133.7288597,2.645198963,1.317841771,NA,0.032325975
Kayin,Hpa-an,Kya-In Seikkyi,1565.332814,1333.695146,266.3506912,5994.980563,1565.332814,1333.695146,266.3506912,2.764410864,1.275286348,NA,0.023364965
Kayin,Kawkareik,Hlaingbwe,711.4698913,567.6504543,166.0065918,2679.872973,711.4698913,567.6504543,166.0065918,2.706058538,1.320598283,NA,0.027313812
Kayin,Kawkareik,Pa-An,372.169161,293.2003023,92.83129252,1395.845351,372.169161,293.2003023,92.83129252,2.764399062,1.304171033,NA,0.024984071
Kayin,Kawkareik,Papun,5427.671854,5001.774566,481.5091152,21229.1783,5427.671854,5001.774566,481.5091152,2.849577652,1.307831019,NA,0.018880788
Kayin,Kawkareik,Thandaung,27859.72523,26661.88288,1352.225225,110086.6757,27859.72523,26661.88288,1352.225225,2.954736824,1.70298974,NA,0.018472446
Kayin,Myawady,Myawadi,973.8468577,831.1186119,168.6484807,3726.73895,973.8468577,831.1186119,168.6484807,2.844943208,1.288201948,NA,0.01452212
Magway,Thayetmyo,Kama,33684.96552,33473.17241,213.1034483,134526.7586,33684.96552,33473.17241,213.1034483,3.260473831,1.144105489,NA,0.0342683
Magway,Thayetmyo,Mindon,856.1101865,780.5672884,90.54175036,3333.898996,856.1101865,780.5672884,90.54175036,2.90781084,1.299082594,NA,0.011706862
Magway,Thayetmyo,Minhla,362.6424637,338.4992489,27.81572359,1422.754131,362.6424637,338.4992489,27.81572359,3.010848559,1.215443169,NA,0.005993425
Magway,Thayetmyo,Myayde (Aunglan),321.5520974,234.1123139,104.0952639,1182.113126,321.5520974,234.1123139,104.0952639,2.922781733,1.272459428,NA,0.012193538
Magway,Thayetmyo,Sinbaungwe (Tantabin),279.5541424,220.5801095,70.42536654,1047.791203,279.5541424,220.5801095,70.42536654,2.945861883,1.255491641,NA,0.008268812
Magway,Thayetmyo,Thayet,336.7069007,244.0262465,108.9479059,1237.879697,336.7069007,244.0262465,108.9479059,2.780111971,1.334997258,NA,0.018840963
Mandalay,Yamethin,Lewe,294.8104805,251.1139365,51.44900253,1127.792919,294.8104805,251.1139365,51.44900253,2.879733665,1.260008253,NA,0.010524776
Mandalay,Yamethin,Pyinmana,217.4158971,180.7286764,43.84400755,825.819581,217.4158971,180.7286764,43.84400755,2.940545122,1.248152661,NA,0.008003386
Mon,Mawlamyine,Chaungzon,481.0091502,444.1515417,43.59839559,1880.438205,481.0091502,444.1515417,43.59839559,2.907128462,1.26351605,NA,0.010644774
Mon,Mawlamyine,Kyaikmaraw,154.459286,121.5223678,39.96222323,577.8749209,154.459286,121.5223678,39.96222323,2.911591201,1.280360355,NA,0.009247053
Mon,Mawlamyine,Moulmein,458.8717546,377.5414805,96.16278227,1739.324236,458.8717546,377.5414805,96.16278227,2.901379034,1.279165748,NA,0.011409403
Mon,Mawlamyine,Mudon,634.0223828,543.2781107,106.9569968,2429.132534,634.0223828,543.2781107,106.9569968,3.028678185,1.243713746,NA,0.008754454
Mon,Mawlamyine,Thanbyuzayat,440.5239631,340.943318,117.9917051,1644.104147,440.5239631,340.943318,117.9917051,2.925635485,1.324417383,NA,0.012011877
Mon,Mawlamyine,Ye,449.9399752,386.6417079,76.48391089,1723.27599,449.9399752,386.6417079,76.48391089,2.846201652,1.324292462,NA,0.014420207
Mon,Thaton,Bilin,296.9387054,232.2097754,77.21690885,1110.537913,296.9387054,232.2097754,77.21690885,2.788587934,1.275088087,NA,0.018679431
Mon,Thaton,Kyaikto,223.338843,191.9139118,37.92837466,855.4269972,223.338843,191.9139118,37.92837466,2.986403802,1.233703332,NA,0.007699987
Mon,Thaton,Paung,327.7162162,250.8449771,92.64864865,1218.216216,327.7162162,250.8449771,92.64864865,2.79435436,1.301624171,NA,0.017943574
Mon,Thaton,Thaton,614.4469256,460.9197411,183.0245955,2274.763107,614.4469256,460.9197411,183.0245955,2.881580767,1.270301918,NA,0.018711627
Naypyitaw,Naypyitaw,Pyinmana,2635.683673,2263.931573,426.5834334,10116.15126,2635.683673,2263.931573,426.5834334,2.826523389,1.33537673,NA,0.026227581
Rakhine,Kyaunkpyu,Kyaukpyu,1449.081625,1302.149962,167.2968869,5629.029613,1449.081625,1302.149962,167.2968869,2.821511199,1.28729371,NA,0.027182979
Rakhine,Kyaunkpyu,Man Aung,654.3567522,517.7850231,161.9360538,2455.490955,654.3567522,517.7850231,161.9360538,2.83711738,1.325039939,NA,0.02245321
Rakhine,Kyaunkpyu,Ramree,824.3981092,727.2321429,114.855042,3182.737395,824.3981092,727.2321429,114.855042,2.899347828,1.264524706,NA,0.017662504
Rakhine,Thandwe,Arakan (Sandoway),575.6499215,478.1666293,115.7555506,2186.844135,575.6499215,478.1666293,115.7555506,2.863436331,1.278640871,NA,0.017249551
Rakhine,Thandwe,Gwa,267.0078563,248.4882155,20.77890011,1047.252525,267.0078563,248.4882155,20.77890011,3.138046788,1.14403284,NA,0.002540675
Rakhine,Thandwe,Taungup,1233.142517,1050.861713,215.2310947,4717.338974,1233.142517,1050.861713,215.2310947,2.869928873,1.376926181,NA,0.027589548
Shan,Taunggye,Pekhon,219.9240111,151.2698607,81.24679666,798.4492479,219.9240111,151.2698607,81.24679666,2.84720039,1.330394326,NA,0.028680325
Tanintharyi,Dawei,Launglon,296.8943001,228.6803752,80.76695527,1106.810245,296.8943001,228.6803752,80.76695527,2.932799112,1.301387685,NA,0.015642432
Tanintharyi,Dawei,Tavoy,273.3827819,193.4983991,94.87442191,998.6567058,273.3827819,193.4983991,94.87442191,2.932008212,1.32753994,NA,0.02624358
Tanintharyi,Dawei,Thayetchaung,285.7669418,207.5197654,94.63900956,1048.428758,285.7669418,207.5197654,94.63900956,2.793054142,1.363930061,NA,0.038566455
Tanintharyi,Dawei,Yebyu,1444.677551,1187.379592,305.9020408,5472.808163,1444.677551,1187.379592,305.9020408,2.907587981,1.500899365,NA,0.030212604
Tanintharyi,Kawthoung,Bokpyin,4460.990558,4154.218884,345.9450644,17498.01717,4460.990558,4154.218884,345.9450644,2.97808041,1.293491809,NA,0.024984876
Tanintharyi,Kawthoung,Kawthaung,3695.33223,3478.991396,246.209133,14535.11979,3695.33223,3478.991396,246.209133,2.931052466,1.286176331,NA,0.024572833
Tanintharyi,Mergui,Mergui,1776.414476,1629.654948,171.3169867,6934.340916,1776.414476,1629.654948,171.3169867,2.987579134,1.307404232,NA,0.023074044
Tanintharyi,Mergui,Palaw,704.8351159,498.8565062,236.1033868,2583.237077,704.8351159,498.8565062,236.1033868,2.818663001,1.360128178,NA,0.024582433
Tanintharyi,Mergui,Tenasserim,778.8996188,519.6149936,302.2782719,2813.320203,778.8996188,519.6149936,302.2782719,2.913881831,1.326389686,NA,0.017119371
Yangon,Yangon-E,Yangon (Rangoon),3703.978179,3272.322799,504.2558315,14311.65688,3703.978179,3272.322799,504.2558315,3.00067986,1.330002948,NA,0.015902069
Yangon,Yangon-N,Hlegu,2358.496169,2112.1341,291.4214559,9142.563218,2358.496169,2112.1341,291.4214559,2.965730442,1.304080436,NA,0.011764601
Yangon,Yangon-N,Hmawbi,232.4259664,144.0051058,105.7753465,823.9285193,232.4259664,144.0051058,105.7753465,2.781615707,1.343631973,NA,0.020322783
Yangon,Yangon-N,Htantabin,564.3848453,412.7204641,175.7559775,2081.783404,564.3848453,412.7204641,175.7559775,2.666340848,1.361548638,NA,0.033087273
Yangon,Yangon-N,Taikkyi,530.1100877,404.1307018,147.6372807,1972.80307,530.1100877,404.1307018,147.6372807,2.632680739,1.37661449,NA,0.03452032
Yangon,Yangon-S,Insein,556.7142857,348.3418367,244.3979592,1982.459184,556.7142857,348.3418367,244.3979592,2.656168224,1.59851871,NA,0.050536766
Yangon,Yangon-S,Kawkhmu,1383.596389,1239.53873,167.7006407,5366.684916,1383.596389,1239.53873,167.7006407,2.728660252,1.359174428,NA,0.037290864
Yangon,Yangon-S,Kayan,5049.172235,4719.714797,383.3206046,19813.36834,5049.172235,4719.714797,383.3206046,2.923555423,1.286557438,NA,0.014348904
Yangon,Yangon-S,Kungyangon,2831.474474,2521.112112,362.3323323,10963.56557,2831.474474,2521.112112,362.3323323,2.79965514,1.341099683,NA,0.025926395
Yangon,Yangon-S,Kyauktan,1707.380621,1408.873995,348.7881816,6480.734304,1707.380621,1408.873995,348.7881816,2.801525626,1.262352692,NA,0.021330879
Yangon,Yangon-S,Syriam,7645.560331,7195.566546,517.9772139,30064.26411,7645.560331,7195.566546,517.9772139,2.622391533,1.321901546,NA,0.089043519
Yangon,Yangon-S,Thongwa,4439.117593,4125.408387,364.3345488,17392.13582,4439.117593,4125.408387,364.3345488,2.710362147,1.300402866,NA,0.057940021
Yangon,Yangon-W,Yangon (Rangoon),2383.118154,2090.723846,335.0726154,9197.4,2383.118154,2090.723846,335.0726154,2.565180912,1.387235613,NA,0.077483692
Magway,Magwe Minbu,Magwe,33605.49367,33468.39241,137.7721519,134284.2025,33605.49367,33468.39241,137.7721519,3.337870708,1.064732971,NA,0.01260746
Magway,Magwe Minbu,Taungdwingyi,749.3958534,516.5869495,272.1298618,2725.453552,749.3958534,516.5869495,272.1298618,2.801182248,1.301867607,NA,0.020548716
Magway,Minbu,Minbu (Sagu),2940.888923,2636.336894,356.0347879,11407.5209,2940.888923,2636.336894,356.0347879,3.0143519,1.256683951,NA,0.01195262
Magway,Minbu,Ngape,4382.10835,4026.138171,415.2892644,17113.14414,4382.10835,4026.138171,415.2892644,2.961709655,1.281138251,NA,0.012241264
Mandalay,Yamethin,Tatkon,349.5026957,269.3622421,94.06023424,1303.950548,349.5026957,269.3622421,94.06023424,2.729465356,1.313248052,NA,0.025089493
Rakhine,Kyaunkpyu,An,460.1632247,346.856616,132.4844372,1708.168461,460.1632247,346.856616,132.4844372,2.618330943,1.375670172,NA,0.033265859
Rakhine,Sittwe,Myebon,273.137801,189.2323036,99.56142058,992.9897835,273.137801,189.2323036,99.56142058,2.875481558,1.311571633,NA,0.020518613
Rakhine,Sittwe,Pauktaw,739.7975888,671.4234349,81.88028765,2877.310068,739.7975888,671.4234349,81.88028765,2.909181219,1.288836447,NA,0.01162565
Shan,Loilen,Langkho,525.3405679,489.6843914,42.19135468,2059.170917,525.3405679,489.6843914,42.19135468,2.986325624,1.248025165,NA,0.008018914
Shan,Loilen,Mawkmai,325.2015584,240.364329,101.0122944,1199.793939,325.2015584,240.364329,101.0122944,2.930753494,1.276466336,NA,0.013001134
Shan,Loilen,Mong Pan,387.8836787,319.3382317,81.30388838,1470.230826,387.8836787,319.3382317,81.30388838,2.918235016,1.300561652,NA,0.009986252
Shan,Mongsat,Mong Tung,2076.165259,1832.373896,285.5869482,8019.074088,2076.165259,1832.373896,285.5869482,2.85933695,1.366071689,NA,0.025924488
Shan,Taunggye,Hsi Hseng,506.0977727,411.5026204,112.0255486,1912.365542,506.0977727,411.5026204,112.0255486,2.813652312,1.356545132,NA,0.035571538
Shan,Taunggye,Pinlaung,680.1172749,599.4690998,93.95717762,2626.511922,680.1172749,599.4690998,93.95717762,3.066735752,1.257223743,NA,0.016052501
Shan,Taunggye,Yawunghwe,784.4316588,604.0618009,210.0185782,2927.708057,784.4316588,604.0618009,210.0185782,2.835994854,1.303523234,NA,0.020187319
